<databaseChangeLog xmlns="http://www.liquibase.org/xml/ns/dbchangelog"
                   xmlns:xsi="http://www.w3.org/2001/XMLSchema-instance"
                   xsi:schemaLocation="http://www.liquibase.org/xml/ns/dbchangelog http://www.liquibase.org/xml/ns/dbchangelog/dbchangelog-3.3.xsd">

    <changeSet id="create-department-sequence" author="John Galanis">
        <comment>Creating Department Sequence</comment>
        <createSequence sequenceName="DEPARTMENT_SEQ" startValue="1" incrementBy="1"/>
    </changeSet>

    <changeSet id="create-department" author="John Galanis" runAlways="false" runOnChange="true">
        <createTable tableName="department">
            <column name="id" type="BIGINT">
                <constraints nullable="false" primaryKey="true"/>
            </column>
            <column name="name" type="varchar(30)">
                <constraints nullable="false"/>
            </column>
            <column name="country" type="varchar(30)">
                <constraints nullable="false"/>
            </column>
            <column name="city" type="varchar(30)">
                <constraints nullable="false"/>
            </column>
            <column name="street" type="varchar(30)">
                <constraints nullable="false"/>
            </column>
            <column name="street_number" type="varchar(10)">
                <constraints nullable="false"/>
            </column>
            <column name="zipcode" type="varchar(10)">
                <constraints nullable="false"/>
            </column>
            <column name="DBVERSION" type="integer">
                <constraints nullable="false"/>
            </column>

        </createTable>
    </changeSet>
</databaseChangeLog>