<databaseChangeLog xmlns="http://www.liquibase.org/xml/ns/dbchangelog"
                   xmlns:xsi="http://www.w3.org/2001/XMLSchema-instance"
                   xsi:schemaLocation="http://www.liquibase.org/xml/ns/dbchangelog http://www.liquibase.org/xml/ns/dbchangelog/dbchangelog-3.3.xsd">

    <changeSet id="create-sequences" author="John Galanis" failOnError="true" runAlways="false" runOnChange="true">
        <comment>Creating SEQUENCE Tables</comment>
        <createSequence sequenceName="EMPLOYEE_SEQ" startValue="1" incrementBy="1"/>
    </changeSet>

    <changeSet id="create-employee" author="John Galanis" runAlways="false" runOnChange="true">


        <createTable tableName="employee">
            <column name="id" type="BIGINT">
                <constraints nullable="false" primaryKey="true"/>
            </column>
            <column name="firstname" type="varchar(30)">
                <constraints nullable="false"/>
            </column>
            <column name="lastname" type="varchar(30)">
                <constraints nullable="false"/>
            </column>
            <column name="birthdate" type="DATE">
                <constraints nullable="false"/>
            </column>
            <column name="phone_number" type="varchar(10)">
                <constraints nullable="false"/>
            </column>
            <column name="email" type="varchar(40)">
                <constraints nullable="false"/>
            </column>
            <column name="salary" type="double">
                <constraints nullable="false"/>
            </column>
            <column name="join_date" type="DATE">
                <constraints nullable="false"/>
            </column>
            <column name="department_id" type="BIGINT">
                <constraints nullable="false"/>
            </column>
            <column name="country" type="varchar(30)">
                <constraints nullable="false"/>
            </column>
            <column name="city" type="varchar(30)">
                <constraints nullable="false"/>
            </column>
            <column name="street" type="varchar(30)">
                <constraints nullable="false"/>
            </column>
            <column name="street_number" type="varchar(10)">
                <constraints nullable="false"/>
            </column>
            <column name="zipcode" type="varchar(10)">
                <constraints nullable="false"/>
            </column>
            <column name="DBVERSION" type="integer">
                <constraints nullable="false"/>
            </column>
        </createTable>
    </changeSet>
    <changeSet id="add-foreign-key" author="John Galanis" runAlways="false" runOnChange="true">
        <addForeignKeyConstraint baseColumnNames="department_id" baseTableName="employee"
                                 baseTableSchemaName="public" constraintName="fk_dept_id"
                                 referencedColumnNames="id" referencedTableName="department"
                                 referencedTableSchemaName="public"/>
    </changeSet>
</databaseChangeLog>