<databaseChangeLog xmlns="http://www.liquibase.org/xml/ns/dbchangelog"
                   xmlns:xsi="http://www.w3.org/2001/XMLSchema-instance"
                   xsi:schemaLocation="http://www.liquibase.org/xml/ns/dbchangelog http://www.liquibase.org/xml/ns/dbchangelog/dbchangelog-3.3.xsd">

    <changeSet id="create-email-sequence" author="John Galanis">
        <comment>Creating Email Sequence</comment>
        <createSequence sequenceName="EMAIL_SEQ" startValue="1" incrementBy="1"/>
    </changeSet>

    <changeSet id="create-email" author="John Galanis" runAlways="false" runOnChange="true">
        <createTable tableName="email">
            <column name="id" type="BIGINT">
                <constraints nullable="false" primaryKey="true"/>
            </column>
            <column name="message" type="varchar(100)">
                <constraints nullable="false"/>
            </column>
            <column name="DBVERSION" type="integer">
                <constraints nullable="false"/>
            </column>
        </createTable>
    </changeSet>
</databaseChangeLog>